Rk,Player,PER,TS%,3PAr,FTr,AST%,STL%,BLK%,TOV%,USG%,WS,WS/48,BPM,VORP
1,Alex Abrines\abrinal01,9,0.567,0.759,0.158,3.4,1.7,0.6,7.4,12.7,2.2,0.094,-2.2,-0.1
2,Quincy Acy\acyqu01,8.2,0.525,0.8,0.164,6,1.2,1.6,13.3,14.4,1,0.036,-2.2,-0.1
3,Steven Adams\adamsst01,20.6,0.63,0.003,0.402,5.5,1.8,2.8,13.2,16.7,9.7,0.187,3.3,3.3
4,Bam Adebayo\adebaba01,15.7,0.57,0.021,0.526,11,1.2,2.5,13.6,15.9,4.2,0.148,0.2,0.8
5,Arron Afflalo\afflaar01,5.8,0.516,0.432,0.16,6.2,0.3,1.1,10.8,12.5,0.1,0.009,-5.8,-0.7
6,Cole Aldrich\aldrico01,6,0.34,0,0.4,8.2,2,1.8,5.4,16.8,0,-0.013,-6.9,-0.1
7,LaMarcus Aldridge\aldrila01,25,0.57,0.068,0.296,11.3,0.9,3,6.8,29.1,10.9,0.209,3.3,3.3
8,Jarrett Allen\allenja01,17.5,0.636,0.038,0.37,5.4,0.9,4.6,15.1,16.3,4.2,0.141,0.2,0.8
9,Kadeem Allen\allenka01,2.6,0.366,0.5,0.409,15.2,1.4,1.6,25.7,14.6,-0.1,-0.039,-6.4,-0.1
10,Tony Allen\allento01,8.7,0.514,0.132,0.231,4.6,1.9,0.9,15.9,18.9,0.1,0.017,-5.2,-0.2
11,Al-Farouq Aminu\aminual01,12,0.522,0.582,0.137,5.8,1.9,1.6,11.3,14.8,4.2,0.097,1.1,1.6
12,Justin Anderson\anderju01,13,0.54,0.51,0.188,7.1,1.4,1.1,6.8,19.3,1.2,0.115,-2,0
13,Kyle Anderson\anderky01,15.9,0.582,0.13,0.333,14.7,2.9,2.5,15.8,13.5,6.2,0.151,4.1,3
14,Ryan Anderson\anderry01,12.6,0.592,0.706,0.194,5.1,0.7,1,7.5,14.4,4.8,0.132,0.2,1
15,Ike Anigbogu\anigbik01,21.6,0.558,0,0.667,0,1.7,8.9,14.7,20.3,0.1,0.165,-5.4,0
16,Giannis Antetokounmpo\antetgi01,27.3,0.598,0.1,0.457,23.7,2,3.3,11.7,31.2,11.9,0.207,5.8,5.4
17,Carmelo Anthony\anthoca01,12.7,0.503,0.406,0.165,6.5,0.9,1.8,7.3,23.2,3.7,0.071,-3.8,-1.1
18,OG Anunoby\anunoog01,10,0.587,0.569,0.179,5,1.7,0.8,10.8,12.4,3,0.098,0.6,1
19,Ryan Arcidiacono\arcidry01,7.3,0.55,0.756,0.146,15.5,2.1,0,23,8.1,0.3,0.04,-4.1,-0.2
20,Trevor Ariza\arizatr01,11.8,0.567,0.71,0.137,6.8,2.1,0.5,7,14.4,5.3,0.113,1.5,2
21,Darrell Arthur\arthuda01,8.4,0.559,0.489,0.064,9.3,2.8,1.8,23.7,19.5,0,-0.011,-4.5,-0.1
22,Jamel Artis\artisja01,6.9,0.457,0.367,0.152,9.3,0.4,0.9,8.7,14.5,0,-0.006,-5.9,-0.3
23,Omer Asik\asikom01,4.5,0.423,0,0.75,2,0.4,1.3,19,9.4,0,0.008,-8.1,-0.2
24,D.J. Augustin\augusdj01,15.4,0.615,0.504,0.35,24.4,1.5,0,16.5,18.6,4.1,0.11,-0.9,0.5
25,Luke Babbitt\babbilu01,12,0.636,0.661,0.131,7,0.6,0.8,7.8,14.8,1.1,0.094,-2,0
26,Dwayne Bacon\bacondw01,5.8,0.431,0.224,0.13,7.5,1.1,0.2,10.2,13.7,-0.1,-0.007,-5.7,-0.7
27,Ron Baker\bakerro01,9.3,0.504,0.559,0.441,15.5,3.3,1.3,20.4,10,0.5,0.059,-1,0.1
28,Wade Baldwin\baldwwa01,16.6,0.748,0.238,0.476,9.8,1.2,1,13.6,16.1,0.3,0.187,0,0
29,Lonzo Ball\balllo01,12.5,0.444,0.523,0.126,29.2,2.4,2,18.6,17.4,2,0.053,1.7,1.7
30,J.J. Barea\bareajo01,17.8,0.545,0.454,0.148,45.1,1.1,0.2,16.3,24.9,3.3,0.098,0.1,0.8
31,Harrison Barnes\barneha02,15.8,0.539,0.276,0.259,9.9,0.9,0.5,8.1,25.2,3.8,0.07,-2.1,-0.1
32,Will Barton\bartowi01,16.2,0.562,0.411,0.22,18.5,1.5,1.6,11.7,20.7,6.2,0.111,1,2
33,Nicolas Batum\batumni01,14.4,0.523,0.422,0.2,26.2,1.6,1,15.6,18.3,3.5,0.084,1.4,1.7
34,Jerryd Bayless\bayleje01,7.5,0.546,0.557,0.168,8,1.2,0.5,14.1,15.1,1.1,0.055,-2.7,-0.2
35,Aron Baynes\baynear01,12.1,0.502,0.047,0.175,9.6,0.7,2.9,14.3,16.8,3,0.097,-1.7,0.1
36,Kent Bazemore\bazemke01,14.5,0.547,0.405,0.297,20.1,2.7,2.2,17,22.5,2.2,0.059,0.4,1.1
37,Bradley Beal\bealbr01,18.4,0.564,0.357,0.249,21,1.6,1.1,11.5,27.6,6.9,0.112,1.7,2.7
38,Malik Beasley\beaslma01,9,0.509,0.461,0.185,7.4,1.3,1,11.1,16.2,0.3,0.028,-5.1,-0.5
39,Michael Beasley\beaslmi01,17.8,0.556,0.107,0.197,12.5,1.1,2.3,14,26.9,2.4,0.069,-1.5,0.2
40,Marco Belinelli\belinma01,14.2,0.628,0.53,0.194,9.3,1.3,1,11.7,19.8,1.8,0.119,-0.8,0.2
41,Jordan Bell\belljo01,18,0.641,0.022,0.238,16.9,2.1,5.5,20,13.9,2.9,0.174,3.7,1.2
42,DeAndre' Bembry\bembrde01,7.6,0.477,0.234,0.258,15.9,2.3,2.3,24.8,18.2,-0.4,-0.04,-4.4,-0.3
43,Dragan Bender\bendedr01,7.1,0.524,0.665,0.105,8.9,0.5,2.1,18.1,12.7,0.1,0.001,-2.7,-0.4
44,Davis Bertans\bertada01,14.1,0.588,0.689,0.134,10.3,1.2,2.1,8.5,17.4,3.1,0.135,1,0.8
45,Patrick Beverley\beverpa01,12.3,0.53,0.504,0.143,13.8,2.6,1.3,16.5,19.6,0.4,0.054,0.6,0.2
46,Khem Birch\birchkh01,16.4,0.582,0,0.484,8.5,1.3,2.9,12.1,13.2,1.8,0.15,0.3,0.3
47,Jabari Bird\birdja01,12.1,0.615,0.269,0.5,10.5,1.3,0.7,20.1,15.4,0.2,0.098,-2.1,0
48,Bismack Biyombo\biyombi01,14.1,0.556,0.003,0.446,6.5,0.7,5.1,16.6,14.9,2.9,0.094,-1.6,0.2
49,Nemanja Bjelica\bjeline01,12.6,0.581,0.493,0.121,8.7,1.8,1,11.7,14.3,2.8,0.097,0.5,0.9
50,Tarik Black\blackta01,14.3,0.582,0.087,0.496,3.7,1.9,4.8,18.4,15.6,1.5,0.136,-1,0.1
51,Antonio Blakeney\blakean01,10.1,0.471,0.364,0.273,10.1,1.1,0.3,6.4,23.7,0,-0.006,-6.8,-0.4
52,Eric Bledsoe\bledser01,20,0.585,0.366,0.319,26,3.2,1.5,16,26,5.7,0.121,2.4,2.5
53,Vander Blue\blueva01,-1.8,0.255,0.4,0.4,8.2,1.1,0,33.8,8.4,-0.1,-0.103,-10,-0.1
54,Bogdan Bogdanovic\bogdabo01,13.5,0.556,0.426,0.154,18.3,1.7,0.7,13.2,19.6,2.9,0.064,-1,0.6
55,Bojan Bogdanovic\bogdabo02,13.9,0.605,0.453,0.241,7.1,1.1,0.3,10.1,19,5.4,0.105,-0.7,0.8
56,Andrew Bogut\bogutan01,10.9,0.696,0,0.08,9.1,0.9,4.9,42.3,8.8,0.4,0.094,0,0.1
57,Joel Bolomboy\bolomjo01,11.7,0.521,0.167,1,0,2.6,0,18.8,12.6,0.1,0.079,-7.7,-0.1
58,Devin Booker\bookede01,18.1,0.561,0.364,0.312,24.4,1.2,0.6,13.9,31.7,2.4,0.063,0.4,1.2
59,Trevor Booker\booketr01,15.4,0.536,0.08,0.287,16.2,1,0.9,15.1,21.8,0.6,0.072,-1.5,0.1
60,Chris Boucher\bouchch01,-28.5,0,1,0,0,0,0,0,43.9,0,-0.899,-59,0
61,Avery Bradley\bradlav01,9.7,0.497,0.34,0.14,10.5,1.8,0.5,13.3,24.4,-0.2,-0.009,-4.2,-0.7
62,Tony Bradley\bradlto01,9.5,0.337,0.091,0.182,5,0,0,0,18.4,0,0.033,-9.6,-0.1
63,Corey Brewer\breweco01,14.2,0.565,0.465,0.271,6.7,3.7,1.1,6.4,14.4,1.6,0.15,2.1,0.5
64,Malcolm Brogdon\brogdma01,14.3,0.578,0.32,0.169,16.3,1.4,0.8,10.9,19.1,2.7,0.091,-1.3,0.2
65,Aaron Brooks\brookaa01,9.8,0.508,0.449,0.159,15.1,1.6,0,13,19.9,0.1,0.033,-4.3,-0.1
66,Dillon Brooks\brookdi01,9.8,0.531,0.342,0.215,9.3,1.6,0.7,12.8,18.5,1.2,0.024,-3.1,-0.7
67,MarShon Brooks\brookma01,26.1,0.629,0.314,0.225,25.9,2.9,1.5,12.5,29.8,0.7,0.179,4.1,0.3
68,Anthony Brown\brownan02,41.9,1.5,1,0,41.7,0,0,0,11.1,0,0.571,2.1,0
69,Bobby Brown\brownbo02,5.5,0.425,0.69,0.034,15,1.7,0,13.3,26.1,-0.2,-0.08,-9.3,-0.2
70,Jaylen Brown\brownja02,13.6,0.562,0.381,0.29,8.5,1.6,1,12,21.4,4.5,0.1,-0.2,1
71,Lorenzo Brown\brownlo01,8.2,0.459,0.353,0.059,12.4,1.8,0,7.9,11.9,0.2,0.06,-3,0
72,Markel Brown\brownma02,-1.2,0.357,0.714,0,8.7,0,0,22.2,12.8,0,-0.063,-8.4,-0.1
73,Sterling Brown\brownst02,9.1,0.503,0.444,0.117,4.5,2,1.4,10.4,14,0.7,0.043,-4,-0.4
74,Nicolas Brussino\brussni01,-4.6,0,1,0,0,0,0,0,8.7,0,-0.18,-18.5,0
75,Thomas Bryant\bryanth01,9.9,0.441,0.476,0.429,11.5,0.7,2.3,7.4,15.9,0.1,0.05,-4.2,0
76,Reggie Bullock\bullore01,13.6,0.615,0.515,0.09,8.4,1.4,0.7,7.6,15.7,4.2,0.117,0.7,1.2
77,Trey Burke\burketr01,21,0.563,0.273,0.148,36.4,1.5,0.4,9.5,25.1,2.4,0.145,1,0.6
78,Alec Burks\burksal01,13.1,0.527,0.343,0.3,10,1.8,0.6,11.4,22.5,1.9,0.084,-2.8,-0.2
79,Jimmy Butler\butleji01,23.7,0.59,0.217,0.461,20.6,2.7,1,8.9,24.9,8.9,0.198,5,3.8
80,Dwight Buycks\buyckdw01,12.8,0.498,0.227,0.207,22.4,2.2,0.4,15.3,26.4,0.2,0.027,-4.3,-0.2
81,Bruno Caboclo\cabocbr01,8.3,0.411,0.517,0.207,5.6,1,3.8,11.2,16,0,-0.01,-5,-0.1
82,Jose Calderon\caldejo01,11.3,0.643,0.524,0.162,17.4,1.4,0.2,17.1,11.6,1.8,0.095,-1.9,0
83,Kentavious Caldwell-Pope\caldwke01,13.2,0.561,0.52,0.243,9.4,2.1,0.5,9.9,16.9,5.3,0.103,1,1.9
84,Isaiah Canaan\canaais01,13.7,0.543,0.485,0.375,26.9,1.8,0.2,15.5,19,0.7,0.075,-2.2,0
85,Clint Capela\capelca01,24.5,0.65,0.001,0.38,5.7,1.4,5.7,11.5,19.4,10.2,0.242,3,2.6
86,DeMarre Carroll\carrode01,14.3,0.55,0.498,0.313,10.5,1.3,1,10.3,19.8,4.1,0.091,0.2,1.2
87,Vince Carter\cartevi01,10.8,0.523,0.583,0.131,9.7,2.1,2.4,10.7,14.7,1.2,0.056,-1.1,0.2
88,Michael Carter-Williams\cartemi01,10.8,0.446,0.258,0.389,19.4,2.6,2.3,16.2,16.6,0.9,0.05,-0.6,0.3
89,Alex Caruso\carusal01,8.7,0.519,0.371,0.259,17.8,2,1.4,24.5,12.9,0.5,0.041,-2.9,-0.1
90,Omri Casspi\casspom01,15.5,0.632,0.106,0.333,9.5,1.2,2,13.5,16.3,2.2,0.14,-1.4,0.1
91,Willie Cauley-Stein\caulewi01,17.6,0.529,0.016,0.32,13.7,1.9,3.1,11,21.8,3.9,0.092,0.4,1.2
92,Tyler Cavanaugh\cavanty01,13,0.567,0.586,0.138,7.8,0.8,0.7,8,14.8,1.2,0.109,-1,0.1
93,Mario Chalmers\chalmma01,10.4,0.503,0.431,0.312,21.5,2.8,0.9,18.8,19.6,0.6,0.021,-2.7,-0.3
94,Tyson Chandler\chandty01,14.2,0.658,0,0.497,6.6,0.7,1.9,20.5,10.6,2.7,0.111,-0.3,0.5
95,Wilson Chandler\chandwi01,11,0.542,0.39,0.181,9.5,0.9,1.4,11.9,14.3,3.3,0.067,-0.9,0.6
96,Marquese Chriss\chrisma01,11.1,0.509,0.398,0.331,8.1,1.6,3.7,16.4,18.1,0.7,0.023,-2,0
97,Ian Clark\clarkia01,9.4,0.529,0.394,0.119,10.4,1.1,0.5,9.9,17.2,1.1,0.037,-3.9,-0.7
98,Jordan Clarkson\clarkjo01,16.9,0.532,0.315,0.198,22.9,1.5,0.2,11.6,27.7,2.1,0.08,-1.3,0.2
99,Gian Clavell\clavegi01,7.4,0.53,0.833,0.111,6.7,1.6,0,9.6,14.8,0.1,0.042,-3.6,0
100,Antonius Cleveland\clevean01,5.1,0.317,0.071,0.286,3.3,3.7,4.4,11.3,10,0,-0.005,-3.1,0
101,John Collins\collijo01,18.3,0.62,0.086,0.341,8.9,1.3,3.8,14.3,17.9,5.4,0.145,1.7,1.7
102,Zach Collins\colliza01,7.5,0.475,0.391,0.145,7.1,0.8,2.4,15.9,15.4,0.6,0.03,-3.2,-0.3
103,Kyle Collinsworth\colliky01,10,0.433,0.172,0.404,16.4,1.8,1.7,17.1,13.3,0.5,0.046,-1.8,0
104,Darren Collison\collida01,18.8,0.61,0.321,0.226,26.4,2.3,0.7,10.9,17.4,7.6,0.181,2.2,2.1
105,Nick Collison\collini01,13.2,0.627,0,0.684,8.2,0,0,22.1,18.2,0.1,0.064,-6.5,-0.1
106,Mike Conley\conlemi01,15.4,0.52,0.458,0.393,22.2,1.6,0.8,8.4,25.9,0.6,0.077,-2.3,0
107,Pat Connaughton\connapa01,9.3,0.539,0.538,0.113,8.7,0.8,1.2,9.5,13.4,2.5,0.08,-1.3,0.3
108,Quinn Cook\cookqu01,12.8,0.593,0.413,0.099,16.6,0.8,0.1,10.8,17.5,1.6,0.101,-2.2,0
109,Charles Cooke\cookech01,-5.1,0.202,0.571,0.143,3.2,1.3,0,6.3,18.1,-0.2,-0.239,-14.6,-0.1
110,Jack Cooley\cooleja01,19.7,0.566,0,0.704,10.5,0.6,0,7.8,19.8,0.3,0.182,-1.6,0
111,Matt Costello\costema01,9.7,0.5,0,0,8.3,3.2,5.2,20,7,0.1,0.127,1.6,0
112,DeMarcus Cousins\couside01,22.6,0.583,0.34,0.456,23,2.2,3.5,18.9,31.9,4.7,0.13,5.5,3.3
113,Robert Covington\covinro01,12.9,0.563,0.658,0.163,8.7,2.6,2.4,12.3,17.2,6.1,0.116,2.5,2.9
114,Allen Crabbe\crabbal01,12.3,0.558,0.643,0.163,8.4,1,1.2,8.1,19,3.2,0.07,-0.8,0.7
115,Torrey Craig\craigto01,9.8,0.535,0.423,0.255,5.4,0.9,2,11.6,11.9,0.9,0.069,-2.5,-0.1
116,Jamal Crawford\crawfja01,13,0.519,0.423,0.152,16.9,1.2,0.5,10.7,23.7,1.3,0.037,-3.9,-0.8
117,Jordan Crawford\crawfjo02,19.1,0.601,0.519,0.037,37.7,0.9,1.5,15.4,26.5,0.2,0.15,-0.9,0
118,Jae Crowder\crowdja01,10.8,0.499,0.515,0.19,8.6,1.6,1,9.1,21.3,0.9,0.06,-1.6,0.1
119,Dante Cunningham\cunnida01,13.8,0.561,0.432,0.115,7.6,1.3,2.3,10.4,15.8,0.9,0.092,-0.6,0.2
120,Stephen Curry\curryst01,28.2,0.675,0.58,0.35,30.3,2.4,0.4,13.3,31,9.1,0.267,8.6,4.4
121,Troy Daniels\danietr01,9.8,0.583,0.797,0.111,4.5,0.8,0.2,8.5,17.2,1.4,0.042,-2.9,-0.4
122,Anthony Davis\davisan02,28.9,0.612,0.111,0.409,10.8,2,5.6,8.6,30,13.7,0.241,5.2,4.9
123,Deyonta Davis\davisde01,16.6,0.621,0,0.215,7.1,0.8,3.9,9.9,15.3,2.7,0.138,-0.9,0.3
124,Ed Davis\davised01,15.5,0.607,0.003,0.38,3.9,1.1,2.9,16.2,12.1,5,0.164,0,0.7
125,Dewayne Dedmon\dedmode01,15.8,0.599,0.296,0.18,9.2,1.3,2.8,14.3,17,3.7,0.114,0.5,1
126,Sam Dekker\dekkesa01,11.5,0.534,0.232,0.216,6.2,1.3,0.9,10.4,15.5,1.2,0.066,-3.1,-0.2
127,Malcolm Delaney\delanma01,10.6,0.519,0.435,0.323,23.4,1.7,0.5,16.9,16.9,1,0.047,-3.6,-0.4
128,Matthew Dellavedova\dellama01,8.6,0.5,0.513,0.178,27.4,1,0,23,13.5,0.5,0.032,-5.9,-0.7
129,Luol Deng\denglu01,5.5,0.5,0,0,10.1,3.7,0,33.3,9.8,0,-0.018,-8.5,0
130,DeMar DeRozan\derozde01,21,0.555,0.203,0.396,25,1.5,0.6,9.5,29.6,9.6,0.17,1.8,2.6
131,Cheick Diallo\diallch01,17,0.619,0,0.375,4.7,0.9,2.9,12,17.4,1.9,0.157,-3.1,-0.2
132,Gorgui Dieng\dienggo01,14.7,0.543,0.157,0.263,7.5,1.7,2.6,12,16.3,2.9,0.105,-0.4,0.5
133,Spencer Dinwiddie\dinwisp01,15.9,0.527,0.517,0.32,35,1.4,0.7,11.8,20.3,5.7,0.118,0.2,1.3
134,Tyler Dorsey\dorsety01,10,0.494,0.521,0.165,12.5,0.9,0.4,8.3,20,0.4,0.02,-4.2,-0.5
135,Damyean Dotson\dotsoda01,11.6,0.532,0.422,0.143,9.5,1.3,0.4,9,17.3,0.6,0.06,-3.1,-0.1
136,Milton Doyle\doylemi01,5.2,0.337,0.489,0.17,11.7,2.3,1.2,3.8,18.2,-0.1,-0.052,-5.8,-0.1
137,PJ Dozier\doziepj01,-5,0.5,0,0,0,0,0,33.3,42.9,0,-0.404,-34,0
138,Goran Dragic\dragigo01,16.6,0.543,0.279,0.252,25.4,1.3,0.4,12.2,25.7,5.3,0.106,-0.1,1.2
139,Larry Drew\drewla02,6.3,0.441,0.353,0,18.9,0,0,10.5,15,0,0.003,-8.9,-0.1
140,Andre Drummond\drumman01,22.9,0.555,0.012,0.448,14.3,2.2,4.3,15.9,21.2,10.3,0.189,5.5,5
141,Jared Dudley\dudleja01,8.8,0.553,0.656,0.287,15.6,1.7,1.3,16.9,10.2,0.8,0.058,-1.9,0
142,Kris Dunn\dunnkr01,14.5,0.488,0.201,0.171,33.3,3.3,1.6,17.3,24.7,0.8,0.027,-0.1,0.7
143,Kevin Durant\duranke01,26,0.64,0.338,0.331,25.5,1,4,12.9,30.4,10.4,0.215,5.6,4.5
144,Jarell Eddie\eddieja01,4,0,1,0,0,8.3,0,0,7.4,0,-0.026,-3.5,0
145,Henry Ellenson\ellenhe01,10.5,0.476,0.411,0.199,9.4,0.8,0,10.2,23.8,0.1,0.02,-6.8,-0.4
146,Wayne Ellington\ellinwa01,12.5,0.588,0.827,0.111,5.9,1.3,0.3,6.6,17.3,4.5,0.105,0,1
147,Joel Embiid\embiijo01,22.9,0.573,0.203,0.442,18,1,4.8,15.6,33.4,6.2,0.155,2.6,2.2
148,James Ennis\ennisja01,11.9,0.61,0.378,0.329,7,1.5,1.1,13,12.5,2,0.093,-0.7,0.3
149,Tyler Ennis\ennisty01,11.1,0.473,0.25,0.129,21.9,2.1,1.2,13.8,17.1,0.8,0.058,-2.9,-0.1
150,Jawun Evans\evansja01,7.2,0.421,0.213,0.194,17.8,2.3,0.6,13.8,17.7,-0.2,-0.011,-4.7,-0.5
151,Jeremy Evans\evansje01,10.4,1,0,0,0,0,0,50,17.5,0,-0.028,-8.3,0
152,Tyreke Evans\evansty01,21.1,0.561,0.354,0.258,31.2,1.8,1,11.5,28.4,4.2,0.126,3.6,2.3
153,Dante Exum\exumda01,16.7,0.566,0.207,0.356,29.7,1.7,1.1,16.6,23.1,0.7,0.133,-1.2,0
154,Kenneth Faried\farieke01,17.4,0.552,0.007,0.345,5.8,1.3,2.4,11.9,18.3,1.3,0.132,-2.3,0
155,Derrick Favors\favorde01,18.8,0.593,0.09,0.306,7.8,1.3,3.2,9.9,18.5,8,0.179,2.7,2.5
156,Kay Felder\feldeka01,3.6,0.379,0.271,0.171,22,1,0.6,17.5,28.4,-0.5,-0.175,-12.4,-0.4
157,Cristiano Felicio\feliccr01,12.5,0.614,0.009,0.377,8.4,0.8,1,17.7,13.6,1.7,0.086,-2.4,-0.1
158,Raymond Felton\feltora01,13,0.494,0.417,0.08,22.5,1.8,1.1,11.7,20.4,2.2,0.078,-2.8,-0.3
159,Terrance Ferguson\fergute01,7.4,0.545,0.71,0.059,3.4,1.6,1.2,6,10.4,1.2,0.077,-2.5,-0.1
160,Yogi Ferrell\ferreyo01,11.4,0.54,0.492,0.141,13.5,1.4,0.4,9.1,17,3,0.064,-1,0.6
161,Dorian Finney-Smith\finnedo01,7.6,0.482,0.554,0.124,8.4,1.1,0.8,14.1,15.1,0.1,0.015,-3.1,-0.1
162,Bryn Forbes\forbebr01,9.1,0.525,0.459,0.145,7.8,0.9,0.1,6.5,16.7,2.1,0.067,-3.1,-0.4
163,Evan Fournier\fournev01,15.5,0.577,0.418,0.216,14.8,1.3,0.7,9.8,23.3,3.3,0.087,-0.4,0.7
164,De'Aaron Fox\foxde01,11.2,0.478,0.192,0.245,24.6,1.7,0.9,16.4,23.4,-0.6,-0.014,-4.4,-1.2
165,Tim Frazier\fraziti01,11.3,0.475,0.326,0.174,31.1,2.8,0.7,23.5,12.8,1.4,0.08,-2.1,0
166,Channing Frye\fryech01,13.9,0.604,0.533,0.089,7.5,1.5,1.9,8.8,15.6,1.2,0.104,-1.3,0.1
167,Markelle Fultz\fultzma01,12.4,0.416,0.009,0.189,31.3,2.3,1.3,12.4,23.1,0.2,0.043,-3,-0.1
168,Danilo Gallinari\gallida01,13.8,0.545,0.434,0.34,8.9,0.9,1.2,8.1,20.6,1.2,0.088,-1.4,0.1
169,Langston Galloway\gallola01,12.2,0.503,0.641,0.121,10.1,2,0.5,4.8,19.3,1.4,0.08,-1.7,0.1
170,Marc Gasol\gasolma01,17.4,0.532,0.31,0.326,21.7,1.1,3.9,14.1,25.6,4,0.08,1.5,2.1
171,Pau Gasol\gasolpa01,18.9,0.539,0.191,0.333,20.1,0.7,3.6,13.1,20.4,6,0.159,3.2,2.4
172,Rudy Gay\gayru01,18,0.545,0.22,0.27,9.8,1.9,2.6,11.5,24.6,3.1,0.123,0.3,0.7
173,Paul George\georgpa01,18.7,0.57,0.454,0.307,14.5,2.8,1.2,12.2,25.7,8.9,0.148,2.6,3.3
174,Marcus Georges-Hunt\georgma01,6.9,0.515,0.313,0.438,4.1,1.3,0,5,11.9,0.2,0.049,-4.4,-0.1
175,Jonathan Gibson\gibsojo01,25.4,0.739,0.522,0,22.6,0,0,11.5,29,0.2,0.195,1.9,0
176,Taj Gibson\gibsota01,15.4,0.61,0.047,0.251,5.2,1.1,1.9,9.8,14.7,7.2,0.126,1.1,2.1
177,Manu Ginobili\ginobma01,12.9,0.553,0.415,0.283,19.1,1.7,1,16.8,21.5,2.2,0.082,-1,0.3
178,Rudy Gobert\goberru01,20.7,0.657,0,0.673,6.9,1.2,6,15.7,16.9,8.1,0.214,4.3,2.9
179,Aaron Gordon\gordoaa01,16.5,0.53,0.395,0.26,11.7,1.5,1.9,10,24.7,2.9,0.072,0,1
180,Eric Gordon\gordoer01,15.2,0.578,0.627,0.248,11.7,1,1.1,10.8,24.7,4.7,0.105,-1,0.5
181,Marcin Gortat\gortama01,14.7,0.546,0,0.291,10.6,1,2.6,13.5,15.5,4.9,0.113,0.3,1.2
182,Treveon Graham\grahatr01,9,0.553,0.439,0.267,7.8,1.5,0.2,9.9,11.3,1.8,0.08,-0.9,0.3
183,Jerami Grant\grantje01,16.2,0.607,0.241,0.526,5.1,0.9,4.2,8.8,16,5.4,0.156,-0.6,0.6
184,Jerian Grant\grantje02,14.3,0.528,0.372,0.374,30.1,1.8,0.4,13.2,17.4,3.3,0.094,-2,0
185,Josh Gray\grayjo01,7.2,0.349,0.317,0.268,20.8,4.5,1.9,13.2,26.1,-0.2,-0.118,-5.5,-0.1
186,Danny Green\greenda02,11.4,0.509,0.57,0.116,8.9,1.8,3.7,11.2,16.6,2.9,0.078,1.2,1.4
187,Draymond Green\greendr01,16.1,0.556,0.414,0.279,29,2,3.1,22.5,17.2,6.1,0.127,3.2,3
188,Gerald Green\greenge01,14.1,0.566,0.722,0.145,4.3,1.3,1.4,6.6,22.4,2.1,0.107,-1.9,0
189,JaMychal Green\greenja01,14,0.53,0.26,0.227,8.3,1,1.5,12.4,17.8,2.6,0.079,-1.5,0.2
190,Jeff Green\greenje02,14.8,0.587,0.275,0.379,8,1.1,1.6,9.4,19.3,3.9,0.103,-1.9,0.1
191,Blake Griffin\griffbl01,20.4,0.553,0.324,0.379,25.6,1.3,0.7,12.8,29.3,3,0.126,3.1,1.5
192,Daniel Hamilton\hamilda02,18.2,0.545,0.455,0,44.2,1.8,0,15.4,19.9,0.1,0.169,-1.6,0
193,Tim Hardaway\hardati02,14.4,0.533,0.479,0.209,12.7,1.6,0.5,9,23.8,2.6,0.067,-0.1,0.9
194,James Harden\hardeja01,29.8,0.619,0.498,0.502,45.1,2.4,1.7,15.1,36.1,15.4,0.289,10.9,8.3
195,Maurice Harkless\harklma01,12.6,0.596,0.397,0.199,6,1.9,2.8,11,12.6,3.2,0.123,1.8,1.2
196,Montrezl Harrell\harremo01,24.7,0.647,0.013,0.405,10.1,1.4,3.4,9.5,23.8,5.5,0.205,2.4,1.5
197,Devin Harris\harride01,13.5,0.56,0.44,0.394,16.4,2.1,0.9,12.8,21.5,1.4,0.085,-1.4,0.1
198,Gary Harris\harriga01,16.5,0.597,0.434,0.178,13,2.6,0.5,10.8,20.7,5.5,0.114,0.9,1.7
199,Joe Harris\harrijo01,13.3,0.634,0.576,0.167,10.2,0.9,0.8,12,16.6,4,0.097,0.1,1.1
200,Tobias Harris\harrito02,17.7,0.565,0.33,0.156,14.3,1.6,1.5,9,23.5,2.6,0.112,1.5,1
201,Aaron Harrison\harriaa01,5.1,0.392,0.623,0.246,6.7,1.9,0.8,3.8,15.5,-0.1,-0.014,-4.1,-0.1
202,Andrew Harrison\harrian01,12.7,0.534,0.331,0.371,21.3,1.4,1.8,14,19.6,1.7,0.062,-2.5,-0.2
203,Shaquille Harrison\harrish01,15.6,0.54,0.21,0.306,22.2,3.2,1.5,13.5,18,0.8,0.094,0.2,0.2
204,Josh Hart\hartjo01,12.2,0.596,0.525,0.251,7.6,1.5,0.9,10.1,13.5,3.4,0.111,-0.1,0.7
205,Udonis Haslem\hasleud01,1.8,0.252,0.533,0.133,9.2,0,2.4,11.2,11.1,-0.1,-0.059,-7.5,-0.1
206,Nigel Hayes\hayesni01,34.9,1.5,1,0,0,0,0,33.3,21.9,0,0.018,8,0
207,Gordon Hayward\haywago01,7.3,0.5,0.5,0,0,0,0,0,17.9,0,0.056,-12,0
208,Reggie Hearn\hearnre01,13.1,0.75,1,0,0,0,0,0,12.7,0,0.132,-2.3,0
209,Myke Henry\henrymy01,9.7,0.472,0.532,0.092,8.9,4.1,1.5,14.4,15.7,0.1,0.017,-1.3,0.1
210,John Henson\hensojo01,15.7,0.582,0.014,0.315,8.6,1.1,4.7,12.8,15,4.9,0.12,0.4,1.2
211,Juan Hernangomez\hernaju01,9.7,0.511,0.667,0.16,5.9,1.1,0.9,10.1,14,0.4,0.061,-3.3,-0.1
212,Willy Hernangomez\hernawi01,25,0.612,0.084,0.747,7.1,1.9,2.9,7.5,19.7,1.5,0.266,2.2,0.3
213,Mario Hezonja\hezonma01,13.7,0.544,0.433,0.17,10,2.4,1.5,11.5,19.9,2.3,0.066,-0.8,0.5
214,Isaiah Hicks\hicksis01,6.8,0.501,0.125,0.25,9.5,0.4,1.4,16.7,17.4,0,-0.003,-5.6,-0.2
215,Buddy Hield\hieldbu01,16.1,0.557,0.437,0.087,12.8,2.1,1,11.3,24.3,2.8,0.067,-0.2,0.9
216,Nene Hilario\hilarne01,16.4,0.594,0.008,0.448,9.5,1.8,1.6,11.7,18.9,2.6,0.163,-0.8,0.2
217,George Hill\hillge01,14,0.597,0.393,0.304,15.5,1.7,1,14,16.9,2.1,0.09,-0.6,0.4
218,Solomon Hill\hillso01,4.8,0.332,0.512,0.146,14.4,1.8,0.4,17.1,12.2,-0.1,-0.014,-3.8,-0.1
219,Darrun Hilliard\hillida01,3.4,0.362,0.316,0.368,15.3,1.1,0,15.3,12.3,0,-0.015,-7.5,-0.1
220,Jrue Holiday\holidjr01,17.8,0.57,0.286,0.191,24.9,2,1.7,13.6,23.1,7.1,0.116,2.1,3
221,Justin Holiday\holidju01,10.8,0.513,0.574,0.21,10.1,1.7,1.2,9.8,18.2,1.7,0.036,-1.3,0.4
222,John Holland\hollajo02,5.9,0.417,0.61,0.22,3.9,2,1,11,18.5,-0.2,-0.05,-7.3,-0.2
223,Rondae Hollis-Jefferson\holliro01,16.9,0.548,0.075,0.436,14.2,1.6,1.9,12.3,22.2,4.1,0.103,-0.4,0.8
224,Richaun Holmes\holmeri01,17.4,0.585,0.129,0.232,12.3,1.3,3.2,8.6,16.6,2.8,0.183,1.7,0.7
225,Rodney Hood\hoodro01,15.1,0.551,0.475,0.176,10.4,1.4,0.5,9.6,27.3,1.9,0.085,-1.6,0.1
226,Scotty Hopson\hopsosc01,-4.6,0.266,0,2,15.8,0,0,34.7,16.3,0,-0.238,-20.7,0
227,Al Horford\horfoal01,17.6,0.575,0.3,0.159,23.6,0.9,2.9,14.1,18.4,7.8,0.165,4,3.5
228,Danuel House\houseda01,12.4,0.533,0.45,0.24,9.4,0.8,1.2,7.2,16.2,0.6,0.066,-2.7,-0.1
229,Dwight Howard\howardw01,20.5,0.577,0.008,0.639,7.1,1,4.4,15.1,24.2,6.8,0.132,-0.3,1.1
230,Josh Huestis\huestjo01,5.4,0.417,0.632,0.11,2.7,0.8,4,12,9.5,0.5,0.024,-3.9,-0.5
231,R.J. Hunter\hunterj01,8.5,0.455,0.7,0.1,10.3,3.3,0,8.7,22.5,0,0.022,-4.5,0
232,Vince Hunter\huntevi01,35.8,0.6,0,0,0,0,13.4,16.7,38.5,0,0.097,-9,0
233,Serge Ibaka\ibakase01,14.7,0.574,0.379,0.151,4.4,0.7,3.8,9.7,19.4,5.1,0.117,-0.2,1
234,Andre Iguodala\iguodan01,11.2,0.536,0.366,0.272,16.2,1.6,1.9,15.8,11.5,3.2,0.094,0.2,0.9
235,Ersan Ilyasova\ilyaser01,15.1,0.569,0.424,0.224,6.8,1.8,1.2,8.9,18,2.6,0.106,0,0.6
236,Joe Ingles\inglejo01,14.4,0.623,0.646,0.116,22.9,1.8,0.7,17.4,15.9,7.6,0.141,3.1,3.3
237,Andre Ingram\ingraan01,16.3,0.655,0.529,0.176,15.3,2.2,3.8,14.1,14.1,0.2,0.157,1.3,0.1
238,Brandon Ingram\ingrabr01,13.8,0.536,0.138,0.371,17.7,1.1,1.8,14.4,22.2,2.8,0.068,-1.3,0.4
239,Kyrie Irving\irvinky01,25,0.61,0.374,0.24,30.7,1.7,0.7,10.4,31,8.9,0.222,6.2,4
240,Jonathan Isaac\isaacjo01,9.8,0.465,0.317,0.172,4.8,3,4.5,14.8,15,0.2,0.021,-1.8,0
241,Wesley Iwundu\iwundwe01,7.8,0.48,0.211,0.216,7.8,1.6,0.9,11.2,11.6,0.7,0.032,-3.5,-0.4
242,Jarrett Jack\jackja01,11.5,0.489,0.194,0.169,31.3,1.1,0.2,19.5,16.7,1.2,0.036,-3.5,-0.6
243,Aaron Jackson\jacksaa01,2.4,0.405,0.444,0.222,4,0,0,9.2,13.7,0,-0.017,-7.7,-0.1
244,Demetrius Jackson\jacksde01,24.5,0.82,0.25,0.5,35.1,2.8,0,17,14.8,0.1,0.298,1,0
245,Josh Jackson\jacksjo02,11.8,0.48,0.233,0.299,10.1,2,1.4,12.2,26,-0.7,-0.018,-4.3,-1.1
246,Justin Jackson\jacksju01,9.2,0.521,0.442,0.086,7.2,0.9,0.8,8.4,14.2,1,0.031,-3.5,-0.6
247,Reggie Jackson\jacksre01,15.9,0.516,0.293,0.232,32.8,1.1,0.3,13.5,27.1,2,0.078,-1.5,0.2
248,LeBron James\jamesle01,28.6,0.621,0.257,0.336,44.4,1.9,2,16.1,31.6,14,0.221,9.6,8.9
249,Mike James\jamesmi02,14.2,0.476,0.311,0.269,29,1.9,0.8,12.1,25.2,0.3,0.021,-2.4,-0.1
250,Al Jefferson\jeffeal01,20.2,0.563,0.014,0.173,10,1.7,4.2,8.6,22.5,1.6,0.158,-0.5,0.2
251,Richard Jefferson\jefferi01,6.4,0.499,0.259,0.259,12,0.6,0.5,14.3,9.4,0.1,0.029,-5.9,-0.2
252,Brandon Jennings\jennibr01,12.7,0.478,0.458,0.139,31.1,1.5,1.7,19.1,20.8,0.1,0.026,-3.8,-0.1
253,Jonas Jerebko\jerebjo01,13.2,0.586,0.46,0.167,5.7,1.1,0.9,6.9,15.6,3.4,0.144,-0.6,0.4
254,Amir Johnson\johnsam01,14.8,0.575,0.123,0.327,13.9,1.8,3.1,15.6,12.8,4.1,0.169,2.9,1.5
255,Brice Johnson\johnsbr02,21.3,0.673,0.091,0.182,4,7.7,4.4,25.2,18,0.1,0.168,3.8,0.1
256,Dakari Johnson\johnsda04,16.4,0.575,0,0.513,7.2,1.8,4.5,5.9,13.5,0.6,0.178,0.3,0.1
257,James Johnson\johnsja01,15.8,0.575,0.301,0.264,22.5,1.8,2.2,17.2,19.1,4.9,0.122,1.7,1.8
258,Joe Johnson\johnsjo02,9,0.492,0.372,0.106,9.8,0.9,0.7,11.6,17.2,0.6,0.041,-3.3,-0.2
259,Omari Johnson\johnsom01,10.5,0.524,0.571,0,14.5,1.3,0,12.5,14.4,0.1,0.053,-2.8,0
260,Stanley Johnson\johnsst04,9,0.48,0.418,0.259,8.5,2.5,0.7,11,16.4,1.8,0.046,-1.5,0.2
261,Tyler Johnson\johnsty01,13,0.549,0.456,0.181,12.4,1.5,1.4,9.5,18.6,4.2,0.097,-0.2,0.9
262,Wesley Johnson\johnswe01,9.8,0.512,0.481,0.158,5.6,2.5,3.5,12.3,13,1.7,0.055,0.3,0.9
263,Nikola Jokic\jokicni01,24.4,0.603,0.277,0.31,29.6,1.8,2.1,15.5,24.2,10.7,0.211,7.1,5.6
264,Damian Jones\jonesda03,6.8,0.517,0,0.227,2.9,0.5,2.7,14.2,13.9,0.1,0.031,-6.6,-0.1
265,Derrick Jones\jonesde02,18.4,0.678,0.5,1.5,12.3,1.5,9.8,13.1,9.8,0.1,0.177,3.9,0
266,Jalen Jones\jonesja04,10.9,0.483,0.391,0.266,3.9,1.5,0.5,8.9,22,0.1,0.024,-5.9,-0.2
267,Tyus Jones\jonesty01,14.1,0.572,0.393,0.247,21.2,3.2,0.4,14,12.7,3.6,0.117,0.5,0.9
268,DeAndre Jordan\jordade01,20.2,0.648,0,0.54,7.1,0.8,2.4,16.1,15.2,9.4,0.186,2.1,2.5
269,Cory Joseph\josepco01,11,0.503,0.315,0.156,16.1,1.8,0.7,11.9,14.8,3.1,0.068,-1.2,0.5
270,Frank Kaminsky\kaminfr01,14.4,0.545,0.383,0.271,11,1,0.9,7.6,20.5,3.6,0.094,-0.9,0.5
271,Enes Kanter\kanteen01,24,0.63,0.003,0.258,9.4,1,1.7,13.3,21.8,7.6,0.198,2.5,2.1
272,Luke Kennard\kennalu01,12.1,0.56,0.419,0.163,12.7,1.5,0.8,12.2,17.2,2.6,0.085,-1.5,0.2
273,Michael Kidd-Gilchrist\kiddgmi01,12.5,0.536,0.004,0.305,5.9,1.3,1.4,7.8,16.2,3.2,0.084,-1.8,0.1
274,Sean Kilpatrick\kilpase01,17.7,0.574,0.449,0.299,10.5,1.4,1.3,9,27.1,0.4,0.083,-2.3,0
275,Maxi Kleber\klebima01,13.4,0.576,0.414,0.191,6.4,1.1,3.5,8.2,13.7,2.8,0.113,0.2,0.7
276,Furkan Korkmaz\korkmfu01,3.4,0.386,0.607,0.143,6.7,1.2,1,6.3,16.9,0,-0.006,-6.9,-0.1
277,Luke Kornet\kornelu01,13.6,0.516,0.632,0.088,11.6,0.9,4.2,8.5,19,0.5,0.077,0.2,0.2
278,Kyle Korver\korveky01,13.4,0.652,0.777,0.149,8,1,1.5,9.6,16,3.4,0.104,0.1,0.9
279,Kosta Koufos\koufoko01,17.5,0.566,0,0.19,9.7,1.7,2.2,10.4,15.2,3.9,0.134,0.5,0.9
280,Kyle Kuzma\kuzmaky01,14.2,0.549,0.418,0.2,9.1,1,1.1,11,22.5,3.8,0.077,-1.3,0.4
281,Mindaugas Kuzminskas\kuzmimi01,-41.1,0,0,0,0,0,0,0,43.6,0,-1.065,-49.3,0
282,Skal Labissiere\labissk01,14.3,0.513,0.111,0.258,9.1,1,3.7,12.5,21.1,1.4,0.054,-2.6,-0.2
283,Jeremy Lamb\lambje01,17,0.559,0.305,0.25,15.4,1.5,1.4,9.1,22.4,4.9,0.12,0.9,1.5
284,Shane Larkin\larkish01,10.4,0.491,0.393,0.169,18.5,1.9,0.3,12.3,15.5,1.4,0.087,-2.1,0
285,Joffrey Lauvergne\lauvejo01,16.5,0.536,0.026,0.247,12.2,0.9,0.5,13.5,20.4,1.3,0.12,-1.6,0.1
286,Zach LaVine\lavinza01,14.6,0.499,0.346,0.301,18.6,1.8,0.5,9.7,29.5,0.3,0.025,-2.7,-0.1
287,Jake Layman\laymaja01,4.9,0.352,0.426,0.064,9.4,1.9,2,9.4,14.6,-0.1,-0.021,-5,-0.1
288,T.J. Leaf\leaftj01,10.7,0.545,0.309,0.118,2.8,0.5,0.8,6.5,14.9,0.8,0.082,-4.8,-0.3
289,Courtney Lee\leeco01,13,0.564,0.368,0.164,11.3,1.7,0.6,9.4,16.9,3.9,0.082,0,1.2
290,Damion Lee\leeda03,12,0.489,0.395,0.191,11.2,2.3,0.2,7.8,19.3,0.4,0.046,-2.1,0
291,Walt Lemon Jr.\lemonwa01,6.9,0.491,0.063,0.188,21.1,0,2.3,18.8,26.4,-0.1,-0.071,-11.7,-0.1
292,Alex Len\lenal01,19.4,0.612,0.008,0.611,9.1,0.9,3.5,14,17,4.5,0.154,0.8,1
293,Kawhi Leonard\leonaka01,26,0.572,0.315,0.342,17.7,4.3,3.6,11.1,30.6,0.9,0.196,5.9,0.4
294,Meyers Leonard\leoname01,17.8,0.676,0.333,0.141,10.6,1.4,0,10.8,16.1,1.1,0.2,0.9,0.2
295,Jon Leuer\leuerjo01,8.9,0.505,0.083,0.417,5.3,0.4,2,14.1,16.1,0.1,0.051,-5.9,-0.1
296,Caris LeVert\leverca01,14.3,0.525,0.333,0.254,26,2.1,0.9,15.8,22.5,2.3,0.059,-0.5,0.7
297,DeAndre Liggins\liggide01,7.8,0.537,0.415,0,10.7,2,1.3,14.6,8.5,0.3,0.062,-2.2,0
298,Damian Lillard\lillada01,25.2,0.594,0.445,0.38,30.9,1.4,0.8,11.1,30.6,12.6,0.227,6.7,5.9
299,Jeremy Lin\linje01,15.9,0.597,0.167,0.583,27.1,0,0,16.6,31.3,0,0.087,-13.5,-0.1
300,Shaun Livingston\livinsh01,11.6,0.533,0.015,0.178,16.8,1.5,1.5,13.6,16.7,1.8,0.077,-3.5,-0.4
301,Kevon Looney\looneke01,14.8,0.588,0.026,0.399,6,1.8,4.9,12,12.5,2.8,0.145,1.2,0.7
302,Brook Lopez\lopezbr01,16.4,0.557,0.41,0.199,11.6,0.8,4.6,10.2,23.5,3.8,0.105,0.5,1.1
303,Robin Lopez\lopezro01,14.7,0.552,0.022,0.14,12.3,0.4,2.8,13.5,20.4,1.9,0.055,-1.9,0
304,Kevin Love\loveke01,22.4,0.614,0.453,0.365,9.8,1.3,1.2,9.6,25.1,6.4,0.185,1.3,1.4
305,Kyle Lowry\lowryky01,19.5,0.598,0.631,0.276,30.9,1.7,0.6,14.7,21.7,10.2,0.194,5.9,5
306,Timothe Luwawu-Cabarrot\luwawti01,7,0.511,0.592,0.217,9.3,0.7,0.5,11.5,17.5,0.8,0.046,-4.7,-0.5
307,Tyler Lydon\lydonty01,0,,,,0,0,0,,0,0,-0.014,-6.5,0
308,Trey Lyles\lylestr01,17.9,0.591,0.396,0.26,10.1,1.1,2,9,21.1,3.9,0.134,-0.8,0.4
309,Shelvin Mack\macksh01,13.3,0.518,0.336,0.234,29.5,1.9,0.5,16.3,17.6,2,0.069,-2.4,-0.1
310,Josh Magette\magetjo01,11.9,0.464,0.478,0.174,36.4,1.8,0.4,15.4,11.8,0.4,0.092,-5.4,-0.2
311,Ian Mahinmi\mahinia01,12.2,0.601,0.008,0.516,6.6,1.6,3.2,24.7,15.6,2.2,0.093,-0.7,0.4
312,Thon Maker\makerth01,10.2,0.499,0.329,0.294,5.2,1.5,3.7,11,14.6,1.5,0.056,-2.7,-0.2
313,Boban Marjanovic\marjabo01,30.6,0.637,0,0.754,7.9,1.8,2.5,13.2,27.5,1,0.293,1,0.1
314,Lauri Markkanen\markkla01,15.6,0.552,0.465,0.193,6.4,0.9,1.8,8.2,21.9,3.3,0.079,-1.9,0.1
315,Jarell Martin\martija01,10.5,0.516,0.198,0.234,7,1.2,2.8,13.6,17.1,1.3,0.038,-3,-0.4
316,Frank Mason\masonfr01,13,0.48,0.226,0.303,22.7,1.7,1,13.1,22.6,0.5,0.027,-3.4,-0.4
317,Mangok Mathiang\mathima01,18,0.538,0,0.143,0,2.4,0,0,16.1,0.1,0.183,-9.8,0
318,Wesley Matthews\matthwe02,11.4,0.541,0.577,0.145,12.3,1.8,0.7,10.1,17.6,2.6,0.059,0.1,1.1
319,Luc Mbah a Moute\mbahalu01,10.2,0.595,0.501,0.275,5,2.3,1.4,15.1,12.9,2.8,0.086,0,0.8
320,James Michael McAdoo\mcadoja01,7.4,0.508,1,0.286,0,0,4.6,11.3,21,0,0.023,-8.7,0
321,Patrick McCaw\mccawpa01,7.4,0.477,0.356,0.151,10.6,2.2,0.8,14.6,12.8,0.6,0.029,-3.4,-0.3
322,CJ McCollum\mccolcj01,17,0.536,0.316,0.166,15.8,1.3,1,8.6,26.5,6.6,0.108,0.4,1.8
323,T.J. McConnell\mccontj01,12.5,0.545,0.147,0.093,24.5,2.6,0.6,20.4,13.8,3.8,0.108,-0.7,0.5
324,Erik McCree\mccreer01,-8.9,0,0.5,0,0,6.3,0,33.3,16.9,-0.1,-0.334,-14.7,0
325,Chris McCullough\mcculch01,15.8,0.478,0.19,0.333,7.1,0,4.9,4,24.6,0.2,0.081,-5.7,-0.1
326,Doug McDermott\mcderdo01,11.5,0.611,0.439,0.156,7.5,0.8,0.6,10.3,16.3,1,0.077,-2.2,0
327,JaVale McGee\mcgeeja01,22.3,0.641,0.027,0.237,8,1.6,7.3,10,19.2,2.7,0.212,2.6,0.7
328,Rodney McGruder\mcgruro01,12,0.595,0.479,0.11,8.4,1.3,0.9,5,12.1,0.8,0.125,-0.6,0.1
329,Trey McKinney-Jones\mckintr01,0,,,,0,0,0,,0,0,-0.001,-5.9,0
330,Alfonzo McKinnie\mckinal01,10.1,0.643,0.6,0.2,2.7,0.9,1.5,15.5,16,0.1,0.084,-3.1,0
331,Ben McLemore\mclembe01,9.7,0.526,0.426,0.172,7.5,1.8,1.3,13.2,19,0.5,0.023,-3.6,-0.4
332,Josh McRoberts\mcrobjo01,-12.5,0,1,0,0,0,0,0,7.6,0,-0.19,-12.2,0
333,Jodie Meeks\meeksjo01,12.4,0.548,0.534,0.298,9.1,1.3,0.3,7.7,19,2,0.087,-2.8,-0.2
334,Salah Mejri\mejrisa01,17.8,0.644,0.022,0.482,7.2,1.5,8.2,19,12.8,2.7,0.175,3.1,0.9
335,Jordan Mickey\mickejo01,10.6,0.515,0.195,0.232,4.8,1.1,3,16.6,17.1,0.3,0.054,-5.1,-0.2
336,Khris Middleton\middlkh01,17.4,0.577,0.32,0.285,17.7,2,0.6,11.8,24.6,6.9,0.111,0.4,1.8
337,C.J. Miles\milescj01,13,0.545,0.758,0.162,6,1.4,1.3,5.7,22.3,2.9,0.103,-0.5,0.5
338,Darius Miller\milleda01,9.3,0.617,0.735,0.138,7.5,0.7,0.7,10.1,12.8,3,0.075,-1,0.5
339,Malcolm Miller\millema01,8.9,0.638,0.75,0.143,3.2,0.4,1.3,14.4,12.1,0.2,0.087,-2,0
340,Patty Mills\millspa02,11.8,0.558,0.607,0.173,16,1.3,0.4,12.6,17.8,4.1,0.093,-0.4,0.9
341,Paul Millsap\millspa01,17,0.549,0.26,0.37,13.6,1.7,3.2,12.6,22,2.5,0.106,0.7,0.8
342,Nikola Mirotic\mirotni01,22,0.624,0.533,0.262,11,1.2,1.9,8.4,25.7,2,0.158,1.9,0.6
343,Donovan Mitchell\mitchdo01,16.7,0.541,0.404,0.218,19.4,2.2,0.9,12.6,29.1,5.2,0.095,1.1,2.1
344,Naz Mitrou-Long\mitrona01,133.8,1.5,1,0,0,0,0,0,45,0.1,2.712,54.4,0
345,Malik Monk\monkma01,10.3,0.477,0.572,0.089,16.9,1.1,0.9,9.8,24.9,0,0.001,-4.4,-0.5
346,Greg Monroe\monrogr01,23,0.58,0,0.348,20.5,2.8,2.9,17.4,24.9,2,0.193,4.5,0.8
347,Luis Montero\montelu01,-15.5,0,0,0,0,0,0,66.7,16.6,-0.1,-0.445,-25.9,0
348,Ben Moore\moorebe01,-2.3,,,,13.1,0,0,,0,0,0.072,-5,0
349,E'Twaun Moore\mooreet01,12.1,0.593,0.362,0.082,10.1,1.5,0.4,10.6,16.1,4.4,0.081,-0.2,1.2
350,Eric Moreland\moreler01,13.9,0.531,0,0.238,13.3,1.9,5.6,23.8,9.7,2.3,0.135,2.6,0.9
351,Jaylen Morris\morrija01,6.5,0.438,0.313,0,10.8,1,0.9,15.8,16.9,-0.1,-0.053,-7.1,-0.1
352,Marcus Morris\morrima03,14.5,0.541,0.383,0.252,8.1,1.2,0.7,8.7,23,3.2,0.108,-1.7,0.1
353,Markieff Morris\morrima02,13.2,0.566,0.301,0.186,11,1.4,1.7,14.6,19.5,3.3,0.08,-0.5,0.7
354,Monte Morris\morrimo01,27.1,0.727,0.167,0.333,41.2,5.9,0,12.7,13.7,0.2,0.312,2,0
355,Johnathan Motley\motlejo01,17.2,0.55,0.08,0.373,7.1,0.9,1,9.3,24.9,0.3,0.084,-4.9,-0.1
356,Timofey Mozgov\mozgoti01,12.3,0.617,0.194,0.323,4.8,0.7,2.7,23.7,16.8,0.4,0.055,-4.1,-0.2
357,Emmanuel Mudiay\mudiaem01,12.3,0.504,0.317,0.242,24.1,1.4,0.4,16.8,24.8,0.3,0.019,-5,-0.6
358,Shabazz Muhammad\muhamsh01,31,0.624,0.119,0.284,11.8,1.7,0.7,1.3,29.5,0.7,0.271,0.5,0.1
359,Xavier Munford\munfoxa02,-2.1,0.218,0.333,0.333,24.6,2.4,0,22.5,19.1,-0.1,-0.197,-13.7,-0.1
360,Dejounte Murray\murrade01,15.1,0.485,0.056,0.243,20.2,2.8,1.5,16.6,20.7,3.2,0.087,1.2,1.4
361,Jamal Murray\murraja01,16.1,0.576,0.411,0.238,16.4,1.5,0.9,12.8,22.8,5.5,0.103,-0.2,1.2
362,Mike Muscala\muscami01,14.4,0.597,0.535,0.199,7.3,1.4,2.2,11,15.7,2.4,0.11,0.2,0.6
363,Abdel Nader\naderab01,5.1,0.439,0.436,0.262,7.1,1.4,1.6,17,17.1,-0.1,-0.014,-5.6,-0.5
364,Larry Nance\nancela02,21.5,0.585,0.05,0.313,7.6,2.8,3.1,5.2,17,2.1,0.206,2.6,0.6
365,Shabazz Napier\napiesh01,14.2,0.544,0.411,0.26,14.6,2.6,0.7,13.2,19.5,3.2,0.101,0.2,0.8
366,Jameer Nelson\nelsoja01,8.9,0.52,0.537,0.083,22.2,1.2,0.3,20.9,13,0.8,0.045,-3.3,-0.3
367,Raul Neto\netora01,11.9,0.55,0.311,0.232,23,1.3,0.7,17.8,18.3,0.9,0.086,-3.2,-0.1
368,Georges Niang\niangge01,9.2,0.379,0.364,0.182,14,3.1,0,20.2,20.9,0,-0.029,-4,0
369,Joakim Noah\noahjo01,15.6,0.51,0,0.4,14,2.5,4.3,25.4,17.2,0.1,0.072,1,0
370,Nerlens Noel\noelne01,16.2,0.558,0.01,0.267,6.3,3.3,4.1,18.1,13.8,1.3,0.135,1,0.4
371,Lucas Nogueira\noguelu01,17.3,0.661,0.238,0.35,7.2,2.7,8.2,14.8,11.4,1.6,0.188,5.4,0.8
372,Dirk Nowitzki\nowitdi01,16.7,0.575,0.445,0.142,10.4,1.1,2.1,6,20.5,4.8,0.121,0.3,1.1
373,Frank Ntilikina\ntilila01,7,0.437,0.314,0.136,20,1.9,0.9,19.8,16.9,-0.9,-0.026,-3.9,-0.8
374,Jusuf Nurkic\nurkiju01,19.2,0.528,0.007,0.287,11.7,1.5,4.3,14.6,26.4,4.7,0.108,0.3,1.2
375,David Nwaba\nwabada01,12.2,0.542,0.123,0.48,9.4,1.7,1.6,13.1,15.6,2.4,0.071,-1.6,0.1
376,Johnny O'Bryant\obryajo01,11.9,0.47,0.251,0.146,5.9,1.2,1.3,7.6,22.5,0.3,0.038,-5.3,-0.3
377,Royce O'Neale\onealro01,10.8,0.54,0.415,0.268,12,1.6,1.2,14.8,14.6,2.4,0.099,-0.6,0.4
378,Kyle O'Quinn\oquinky01,20,0.625,0.044,0.331,16.8,1.3,6.1,18.5,17,4.8,0.166,4.5,2.3
379,Semi Ojeleye\ojelese01,4.6,0.473,0.665,0.218,2.4,0.9,0.3,10.8,9,1.2,0.048,-3.5,-0.4
380,Emeka Okafor\okafoem01,16.4,0.545,0,0.232,3.1,1.1,5.6,11,14.4,1,0.14,-1.3,0.1
381,Jahlil Okafor\okafoja01,15.8,0.593,0.031,0.194,5.9,0.4,3.6,11.4,20.9,0.6,0.089,-4.3,-0.2
382,Victor Oladipo\oladivi01,23.1,0.577,0.323,0.274,21.2,3.5,2,12.7,30.1,8.3,0.155,4.9,4.5
383,Kelly Olynyk\olynyke01,17.8,0.612,0.44,0.274,18.7,1.7,1.7,17.1,21.7,5.5,0.148,2.9,2.2
384,Chinanu Onuaku\onuakch01,-3.2,0.4,0,0,6.4,0,0,37.5,16.1,-0.1,-0.147,-12.3,-0.1
385,Cedi Osman\osmande01,11,0.577,0.468,0.247,8.7,1.6,0.4,13.4,15.7,0.9,0.064,-2.9,-0.2
386,Kelly Oubre\oubreke01,11.9,0.534,0.467,0.295,6.4,1.8,1.4,9.2,19.4,3.7,0.08,-1.2,0.4
387,Zaza Pachulia\pachuza01,17,0.612,0.004,0.352,15.2,1.9,1.4,19.1,17,3.3,0.161,0.8,0.7
388,Marcus Paige\paigema01,9.1,0.403,0.571,0.143,16.1,0,0,0,23,0,-0.006,-6.9,0
389,Georgios Papagiannis\papagge01,58.1,1,0,0,0,24.9,0,0,11,0.1,0.675,34.1,0
390,Jabari Parker\parkeja01,17.1,0.55,0.244,0.163,13.1,1.7,1.2,11.2,24.4,1.2,0.08,-1.8,0
391,Tony Parker\parketo01,12.7,0.498,0.095,0.201,28.2,1.3,0.1,13.9,20.5,1.4,0.065,-4.1,-0.6
392,Chandler Parsons\parsoch01,13.6,0.578,0.517,0.115,16.4,1.3,1.5,12.5,18.3,1.1,0.077,-1.2,0.1
393,Patrick Patterson\pattepa01,10,0.555,0.643,0.173,6.1,1.9,1.6,10.3,10.8,2.6,0.098,-1.3,0.2
394,Justin Patton\pattoju01,19.8,0.5,0,0,0,12.5,0,0,22.1,0,0.151,3.3,0
395,Brandon Paul\paulbr01,7.5,0.504,0.425,0.339,9,2.2,1,16.6,13.6,0.5,0.044,-2.8,-0.1
396,Chris Paul\paulch01,24.4,0.604,0.475,0.277,40.9,2.6,0.6,12.5,24.5,10.2,0.265,7.1,4.3
397,Adreian Payne\paynead01,18.8,0.831,0.3,0.6,0,2.3,0,13.7,15,0.2,0.203,-4.1,0
398,Cameron Payne\payneca01,14,0.498,0.423,0.074,29.9,2.2,1.4,14,19.3,0.8,0.063,-0.9,0.2
399,Elfrid Payton\paytoel01,18.1,0.564,0.146,0.249,35.5,2.5,1,18.3,21.8,2.7,0.104,1.1,1
400,Gary Payton\paytoga02,11.8,0.447,0.317,0.146,15.1,1.7,1.4,8.4,17.6,0.2,0.063,-1.9,0
401,Kendrick Perkins\perkike01,8.4,0.521,0,1,17.3,3.3,0,25.8,11.4,0,0.026,-5.7,0
402,London Perrantes\perralo01,0.7,0.23,0.231,0.385,9.4,1.5,1.3,6.2,10.9,-0.1,-0.086,-8.7,-0.1
403,Alec Peters\peteral01,10.7,0.523,0.784,0.135,7.9,0.4,0.7,4.9,15.5,0.3,0.055,-3.3,-0.1
404,Marshall Plumlee\plumlma02,10.9,0.697,0,5.333,4.8,0,1.6,23,11.3,0.2,0.143,-5.7,0
405,Mason Plumlee\plumlma01,16.9,0.586,0.003,0.486,14.4,1.7,4.7,18.7,16.6,3.6,0.12,1.8,1.4
406,Miles Plumlee\plumlmi01,10.6,0.574,0,0.333,7.2,0.9,2.8,23.4,12.8,0.9,0.046,-2.5,-0.1
407,Jakob Poeltl\poeltja01,17.5,0.662,0.005,0.263,5.4,1.3,5.2,16.6,14.8,5.6,0.176,3.3,2
408,Quincy Pondexter\pondequ01,4,0.398,0.449,0.347,6.3,2,0.9,16.3,15,-0.2,-0.047,-6.7,-0.2
409,Otto Porter\porteot01,18.3,0.602,0.354,0.145,10.1,2.4,1.5,7.4,18.4,8.1,0.161,3.6,3.4
410,Bobby Portis\portibo01,19.7,0.548,0.275,0.192,13.2,1.5,1.3,10.5,26,3.5,0.101,0.3,1
411,Kristaps Porzingis\porzikr01,20.4,0.539,0.256,0.309,6.2,1.1,6.4,8.4,31,3.2,0.099,-0.7,0.5
412,Dwight Powell\poweldw01,18.8,0.656,0.195,0.43,8.5,2,1.7,10.3,15.5,6.6,0.191,2.7,2
413,Norman Powell\powelno01,8.5,0.492,0.497,0.104,11.8,1.7,1.2,14.4,18.9,0.6,0.027,-2.8,-0.2
414,Alex Poythress\poythal01,7.8,0.5,0.423,0,2.6,1.4,0.9,7.1,12,0.1,0.066,-4,-0.1
415,Jacob Pullen\pulleja01,-2.3,0.5,0.5,0,0,0,0,33.3,21.3,0,-0.21,-15.2,0
416,Rodney Purvis\purviro01,4.5,0.423,0.486,0.14,8.5,0.5,0.8,8.1,18.7,-0.3,-0.056,-7.9,-0.4
417,Zhou Qi\qizh01,1.9,0.295,0.594,0.375,2.1,0.8,9.6,21.2,16.8,-0.3,-0.104,-7.2,-0.2
418,Tim Quarterman\quartti01,2.9,0.515,0.667,0.667,10.6,0,0,34,20,0,-0.083,-10.8,0
419,Ivan Rabb\rabbiv01,16.6,0.599,0,0.237,10.4,1.2,2.4,17.3,17.7,1.2,0.109,-1.5,0.1
420,Julius Randle\randlju01,19.9,0.606,0.05,0.47,15.8,0.9,1.7,16.3,25.3,6.6,0.145,0.9,1.6
421,Zach Randolph\randoza01,17.3,0.529,0.193,0.14,14.9,1.4,0.6,12.5,27.6,1.5,0.048,-1.8,0.1
422,Xavier Rathan-Mayes\rathaxa01,0.9,0.315,0.333,0.214,23,2.6,2.4,19.3,21.7,-0.4,-0.171,-10.7,-0.3
423,J.J. Redick\redicjj01,15.9,0.614,0.523,0.248,15.1,0.8,0.2,9.6,21.7,6.6,0.15,0,1.1
424,Davon Reed\reedda01,4.8,0.388,0.5,0.158,7.6,2,0.7,11,16,-0.3,-0.059,-6.7,-0.3
425,Willie Reed\reedwi02,19.4,0.669,0.017,0.458,3.3,1,4.4,11.6,16.8,1.5,0.171,-0.8,0.1
426,Josh Richardson\richajo01,13.6,0.551,0.38,0.16,13.2,2.3,2.4,12.9,18.2,5.4,0.096,1.4,2.3
427,Malachi Richardson\richama01,10.5,0.5,0.5,0,0,0,0,0,17.5,0,0.045,-11.5,0
428,Austin Rivers\riverau01,12.6,0.526,0.447,0.198,17.5,1.7,0.6,11.1,20.6,2.4,0.056,-0.9,0.6
429,Andre Roberson\roberan03,10.9,0.543,0.222,0.235,6,2.2,3.1,14.4,8.6,2.2,0.1,1.5,0.9
430,Devin Robinson\robinde01,10.5,0.333,0,0,0,3.8,0,0,10.2,0,0.098,-8.2,0
431,Glenn Robinson\robingl02,10.8,0.529,0.4,0.129,6.8,1.9,0.3,5.3,12.5,0.6,0.088,-1.8,0
432,Rajon Rondo\rondora01,15.3,0.522,0.304,0.093,42.2,2,0.5,22.7,16.9,3.6,0.101,-1.1,0.4
433,Derrick Rose\rosede01,11.6,0.523,0.182,0.311,13,0.5,1.1,15.7,25.6,-0.1,-0.014,-7.7,-0.4
434,Terrence Ross\rosste01,9.9,0.505,0.487,0.188,9.3,2.2,1.5,12.3,17.3,0.3,0.025,-2.1,0
435,Terry Rozier\roziete01,15.1,0.52,0.503,0.186,17.5,1.9,0.8,8.5,20.4,5.6,0.13,1.8,2
436,Ricky Rubio\rubiori01,15.4,0.537,0.33,0.307,28.4,2.7,0.4,18.1,22.9,5.3,0.112,1.7,2.1
437,D'Angelo Russell\russeda01,15.2,0.509,0.414,0.195,35.7,1.4,1,16.8,30.8,0.4,0.014,-0.4,0.5
438,Domantas Sabonis\sabondo01,17.5,0.567,0.056,0.339,12.7,1.1,1.6,15.3,22.1,4.7,0.126,-0.2,0.8
439,JaKarr Sampson\sampsja02,13.9,0.585,0.123,0.198,3.9,1.2,6.1,8.3,12.5,0.8,0.114,-0.7,0.1
440,Dario Saric\saricda01,15.8,0.582,0.448,0.233,13,1.1,0.7,13.1,20.9,6.6,0.137,1.4,2
441,Tomas Satoransky\satorto01,15.4,0.615,0.263,0.25,24.8,1.6,0.8,16.3,13.7,5,0.145,1.1,1.3
442,Dennis Schroder\schrode01,17.3,0.515,0.229,0.231,36.2,1.7,0.2,12.7,30.4,2.6,0.059,-0.7,0.7
443,Mike Scott\scottmi01,13.7,0.599,0.311,0.145,9.1,0.8,0.6,12.4,20,2.5,0.085,-2.3,-0.1
444,Thabo Sefolosha\sefolth01,15.8,0.591,0.35,0.225,6.3,3.2,1.3,10.2,16.4,2.6,0.156,1.9,0.8
445,Wayne Selden\seldewa01,11.8,0.551,0.454,0.219,16,1.3,0.7,15.5,22.6,0.3,0.023,-4,-0.4
446,Ramon Sessions\sessira01,14.9,0.533,0.234,0.656,31.1,1.5,0.4,15.4,19.1,0.5,0.116,-3.7,-0.1
447,Iman Shumpert\shumpim01,6.4,0.48,0.448,0.259,8.1,1.6,1.2,19.9,12.9,0,-0.006,-4,-0.1
448,Pascal Siakam\siakapa01,14.5,0.549,0.265,0.175,13.5,1.8,2,11.1,15.7,4.7,0.133,2.1,1.7
449,Xavier Silas\silasxa01,-4.9,0,0.667,0,0,7.1,0,0,19.1,0,-0.25,-13.4,0
450,Ben Simmons\simmobe01,20,0.557,0.011,0.342,37.4,2.5,2.1,19.5,22.3,9.2,0.162,4.6,4.6
451,Jonathon Simmons\simmojo02,12.7,0.555,0.268,0.317,13.3,1.4,0.6,14.4,22,1.9,0.045,-2.3,-0.2
452,Kobi Simmons\simmoko01,7.7,0.49,0.206,0.132,16.5,1.4,0.7,18,17,-0.2,-0.013,-6,-0.6
453,Kyle Singler\singlky01,5.9,0.43,0.238,0.619,4.8,0.8,0,10.1,21.6,0,-0.031,-11.8,-0.1
454,Marcus Smart\smartma01,10.8,0.479,0.483,0.258,23.7,2.2,1.2,18.4,19.4,1.9,0.056,-0.5,0.6
455,Dennis Smith\smithde03,12.8,0.473,0.331,0.188,29.5,1.7,0.8,15,28.9,-0.7,-0.017,-2.3,-0.1
456,Ish Smith\smithis01,15.4,0.525,0.126,0.145,28.4,1.6,0.9,11.2,20.8,4.4,0.102,-1.2,0.4
457,J.R. Smith\smithjr01,8.5,0.534,0.64,0.094,8.6,1.5,0.4,11.6,13.8,1.4,0.031,-1.7,0.2
458,Jason Smith\smithja02,8.8,0.455,0.278,0.183,7.4,0.5,4,11.4,21.7,0,0.003,-6,-0.3
459,Josh Smith\smithjo03,3.5,0.25,0,0,0,0,0,0,14.4,0,-0.013,-13.4,0
460,Tony Snell\snellto01,8.5,0.578,0.631,0.113,6.5,1.1,1.2,7.5,10.6,2.4,0.056,-1.8,0.1
461,Marreese Speights\speigma01,13.7,0.539,0.668,0.158,9.8,0.6,2.6,9.7,26.9,0.6,0.045,-2.8,-0.1
462,Nik Stauskas\stausni01,9.8,0.547,0.66,0.18,11.9,0.5,0.6,12,16.7,0.4,0.038,-3.9,-0.2
463,Lance Stephenson\stephla01,12.4,0.495,0.327,0.179,18.6,1.2,0.8,14.7,21.6,1.8,0.045,-2.1,0
464,David Stockton\stockda01,33.9,1.05,1,1.333,0,0,0,17.4,28.8,0.1,0.459,6.7,0
465,Julyan Stone\stoneju01,7.6,0.684,1,0.154,19.2,1.1,1,33.5,5.2,0.3,0.087,-1.8,0
466,Edmond Sumner\sumneed01,39.8,1,0,0,0,0,0,0,22.3,0,0.425,-5.3,0
467,Caleb Swanigan\swanica01,7.5,0.449,0.133,0.3,10.8,1.3,1.3,20.9,20,0,-0.003,-5.4,-0.2
468,Jayson Tatum\tatumja01,15.3,0.586,0.29,0.309,8.3,1.7,2,10.7,19.5,7.1,0.139,1,1.8
469,Isaiah Taylor\taylois01,10.9,0.492,0.205,0.362,27,1.4,0.7,15.7,20.1,0.6,0.027,-5.4,-1
470,Jeff Teague\teaguje01,16.4,0.553,0.287,0.301,30.6,2.2,0.8,16.4,20.6,4.9,0.101,0.2,1.3
471,Marquis Teague\teaguma01,5.7,0.302,0.25,0.313,24.7,2.7,0,14.2,12.9,-0.1,-0.038,-7.3,-0.1
472,Mirza Teletovic\teletmi01,13.5,0.623,0.789,0,9.5,1.3,0.5,10.9,18.2,0.3,0.09,-1.6,0
473,Garrett Temple\templga01,10.2,0.536,0.477,0.164,11.3,1.8,1.6,13.4,16.4,1.2,0.035,-1.9,0.1
474,Milos Teodosic\teodomi01,11.6,0.564,0.644,0.128,26.2,1,0.4,20.3,18.2,1.4,0.058,-1.4,0.2
475,Jason Terry\terryja01,8.1,0.525,0.747,0.058,9.7,2.6,1.4,13.7,10.1,0.7,0.042,-2.1,0
476,Daniel Theis\theisda01,16.1,0.616,0.249,0.348,9.1,1.6,4.3,17.2,15.5,3.5,0.178,2.6,1.1
477,Isaiah Thomas\thomais02,12.8,0.52,0.445,0.278,28.8,0.6,0.2,17.5,28.7,0.2,0.024,-4.6,-0.3
478,Lance Thomas\thomala01,6.3,0.513,0.464,0.199,4.2,1.1,0.9,12.1,10.7,0.9,0.031,-2.6,-0.2
479,Klay Thompson\thompkl01,16.1,0.598,0.442,0.083,11.2,1.1,1.1,9.5,23.7,4.9,0.094,-0.6,0.9
480,Tristan Thompson\thomptr01,13.6,0.569,0,0.336,4.3,0.7,1.3,11.8,12.6,2.5,0.113,-2.5,-0.1
481,Sindarius Thornwell\thornsi01,8.2,0.519,0.262,0.378,7.8,2,1.8,16.3,12.1,1,0.041,-1.6,0.1
482,Anthony Tolliver\tollian01,13.9,0.663,0.773,0.282,7.5,0.9,1.1,9.9,14.8,5.3,0.146,1.5,1.5
483,Karl-Anthony Towns\townska01,24.9,0.646,0.243,0.343,10.8,1.1,3.5,10.5,22.9,14,0.23,5.5,5.5
484,P.J. Tucker\tuckepj01,8.3,0.537,0.703,0.136,4.6,1.7,1,13.7,10.5,3.9,0.082,0,1.2
485,Evan Turner\turneev01,9.9,0.52,0.229,0.185,12.4,1.1,1.2,13.7,15.6,2.6,0.061,-1.8,0.1
486,Myles Turner\turnemy01,16.6,0.567,0.246,0.322,7,1,5.7,11.6,20,4.7,0.122,0.7,1.3
487,Ekpe Udoh\udohek01,15.2,0.56,0.008,0.467,9.1,2.7,7.7,12.1,9.1,3.2,0.187,5.7,1.6
488,Tyler Ulis\ulisty01,10.1,0.465,0.265,0.183,28,2,0.3,17.6,18.5,-0.2,-0.006,-5.2,-1.3
489,Jonas Valanciunas\valanjo01,22.5,0.628,0.108,0.307,7.5,0.8,3.2,12.9,22.7,7.6,0.21,1.5,1.5
490,Denzel Valentine\valende01,12.1,0.527,0.513,0.071,17.8,1.5,0.5,11.8,17.5,2.5,0.057,-0.5,0.8
491,Fred VanVleet\vanvlfr01,15.9,0.556,0.479,0.185,22.8,2.2,1,11.2,19.1,4.7,0.149,1.9,1.5
492,Rashad Vaughn\vaughra01,11.1,0.56,0.7,0.12,9.9,1.2,1.5,7.1,14.8,0.3,0.073,-3.3,-0.1
493,Noah Vonleh\vonleno01,13.9,0.484,0.435,0.196,8,1.6,1.3,9.6,18.1,0.5,0.059,-2.8,-0.1
494,Nikola Vucevic\vucevni01,19.7,0.533,0.243,0.112,19.9,1.6,3,11,25.9,3.6,0.102,2.7,2
495,Dwyane Wade\wadedw01,15.9,0.519,0.161,0.308,23.3,1.9,2.5,15.7,24.3,1.3,0.057,-1.4,0.2
496,Dion Waiters\waitedi01,10.5,0.487,0.415,0.168,19.8,1.3,0.8,13.7,25,0.1,0.004,-4,-0.5
497,Kemba Walker\walkeke02,20.6,0.572,0.441,0.308,27.4,1.6,0.7,10.4,27.4,8.5,0.15,3.2,3.6
498,John Wall\walljo01,19.1,0.515,0.25,0.361,44.5,2,2.8,17,29.1,2.7,0.092,1.5,1.2
499,Tyrone Wallace\wallaty01,10.1,0.517,0.162,0.316,11.8,1.5,1.3,14.1,16.6,0.7,0.042,-2,0
500,Taurean Waller-Prince\princta02,12.8,0.549,0.469,0.185,13.9,1.7,1.5,15.3,22.1,2,0.038,-0.7,0.8
501,Derrick Walton\waltode01,11.2,0.525,0.68,0.24,14.6,2.4,1.7,6.7,9.1,0.4,0.128,-0.5,0.1
502,Jameel Warney\warneja01,22.6,0.599,0,0.417,0,0,0,6.6,25.6,0.1,0.157,-12.2,-0.1
503,T.J. Warren\warretj01,17.6,0.541,0.085,0.24,7.2,1.5,1.5,6.7,24.9,3.4,0.077,-1.9,0.1
504,Travis Wear\weartr01,6.9,0.497,0.653,0.111,4.2,0.8,1.8,7.4,15.2,0.2,0.042,-5.1,-0.2
505,James Webb\webbja01,2.2,0.333,0.792,0,4.5,0.4,0,14.3,10.1,-0.1,-0.041,-6.6,-0.1
506,Briante Weber\weberbr01,11.1,0.547,0.409,0.182,15.2,4.2,2.2,22.8,11.5,0.3,0.119,1.3,0.1
507,David West\westda01,20.9,0.6,0.021,0.209,20.5,2.3,5.9,16.2,21.7,3.5,0.168,3,1.3
508,Russell Westbrook\westbru01,24.7,0.524,0.193,0.336,49.8,2.5,0.6,16.4,34.1,10.1,0.166,8.2,7.5
509,Andrew White\whitean01,5.8,0.461,0.671,0.055,4.3,0.7,0.4,9.7,17.3,-0.1,-0.034,-7.1,-0.3
510,Derrick White\whitede01,15.9,0.646,0.394,0.606,9.3,1.5,1.8,12.6,15.4,0.5,0.17,0.5,0.1
511,Okaro White\whiteok01,8.9,0.577,0.688,0.188,3.5,0.6,1.1,5.5,10.3,0.2,0.096,-2.9,0
512,Isaiah Whitehead\whiteis01,11.5,0.53,0.209,0.221,19.6,2.2,0.8,20.3,28.5,-0.1,-0.035,-5.6,-0.2
513,Hassan Whiteside\whiteha01,24.1,0.573,0.003,0.315,6.9,1.4,5.9,12.3,24.7,5.3,0.187,0.2,0.8
514,Andrew Wiggins\wiggian01,13,0.505,0.26,0.242,8.2,1.5,1.5,8.8,23.4,2.1,0.034,-2.5,-0.4
515,Jacob Wiley\wileyja01,8.2,0.41,0.5,0.5,8,1.5,0,0,6.4,0.1,0.094,-3,0
516,Damien Wilkins\wilkida02,4.9,0.405,0.462,0.103,7.8,0.7,0.6,10.9,13.4,-0.1,-0.019,-6.5,-0.2
517,Alan Williams\willial03,9.3,0.455,0,0.5,16.3,3.4,1.2,24.2,17.5,0,-0.004,-3.7,0
518,C.J. Williams\willicj01,9.5,0.512,0.396,0.081,8.5,2.1,1.5,8.9,13.7,0.7,0.051,-1.4,0.1
519,Derrick Williams\willide02,-3.2,0.25,0.5,0,0,0,0,0,18.9,0,-0.191,-18.1,0
520,Lou Williams\willilo02,20.2,0.574,0.387,0.367,26.3,1.6,0.6,13.1,29.8,6.7,0.125,1,2
521,Marvin Williams\willima02,13.9,0.603,0.542,0.218,7,1.4,1.6,9.7,14.8,5,0.119,1.7,1.9
522,Matt Williams\willima05,-0.7,0.417,0.833,0,0,0,0,14.3,28.6,0,-0.197,-17.1,0
523,Troy Williams\willitr02,16.2,0.572,0.33,0.27,7.7,3.2,1.2,13.9,19.5,0.6,0.105,0.9,0.2
524,D.J. Wilson\wilsodj01,10.3,0.622,0.313,0.125,6.1,2.1,1.2,19.2,13.3,0.1,0.054,-4.1,0
525,Jamil Wilson\wilsoja02,11.4,0.634,0.778,0.049,5.2,0.9,2.4,8.8,14.3,0.5,0.096,0,0.1
526,Justise Winslow\winslju01,11.5,0.496,0.264,0.213,13,1.6,1.7,12.6,16.3,2.6,0.075,-1,0.4
527,Jeff Withey\witheje01,8.3,0.444,0.625,0.125,0,0,6.8,10.6,22,0,-0.054,-12.8,-0.1
528,Nate Wolters\woltena01,-2.9,0.167,0,0,7.1,0,0,0,14.2,-0.1,-0.137,-12.4,0
529,Brandan Wright\wrighbr03,19.3,0.595,0,0.333,5.8,1.8,6.4,6.6,14.9,1.2,0.163,1.1,0.3
530,Delon Wright\wrighde01,16.5,0.574,0.354,0.271,19.6,2.5,1.8,13.9,17.2,4.5,0.152,2.8,1.7
531,Guerschon Yabusele\yabusgu01,12.3,0.559,0.607,0.361,10,0.9,1.8,14.5,15.7,0.6,0.122,-0.7,0.1
532,James Young\youngja01,4.6,0.511,0.714,0.429,4.3,0,0,5.7,12.3,0.1,0.041,-6.6,-0.1
533,Joe Young\youngjo01,10.1,0.521,0.355,0.156,9.9,1.3,0.2,11.6,18,0.5,0.043,-4.7,-0.4
534,Nick Young\youngni01,10,0.562,0.668,0.133,3.5,1.3,0.4,7.2,17.6,1.7,0.058,-3.7,-0.6
535,Thaddeus Young\youngth01,14.8,0.528,0.209,0.106,8.5,2.6,1.2,10.4,17.3,5.5,0.101,1.5,2.3
536,Cody Zeller\zelleco01,15.9,0.602,0.019,0.545,7.4,1.1,2.8,14.6,15.7,1.9,0.145,0.7,0.4
537,Tyler Zeller\zellety01,17.1,0.622,0.019,0.181,7,0.9,2.9,9.6,13.9,1.4,0.163,-0.1,0.2
538,Paul Zipser\zipsepa01,5.2,0.445,0.47,0.107,8,1.2,1.6,14.9,15.2,-0.6,-0.034,-5.9,-0.8
539,Ante Zizic\zizican01,24.2,0.746,0,0.433,3.8,0.5,5.2,12.1,18.8,1,0.231,0.1,0.1
540,Ivica Zubac\zubaciv01,15.3,0.557,0.008,0.418,8.8,0.9,3,15.3,17.6,1,0.118,-2.2,0